mean,std,label
-4.4442886e-06,0.03746851,open
-2.0581622e-06,0.027801013,open
-2.3737896e-06,0.021617588,open
2.0889348e-07,0.035568982,open
-4.4442886e-06,0.03746851,closed
-2.0581622e-06,0.027801013,closed